{
  "timestamp": "2026-02-18T08:30:33.593488+00:00",
  "model_count": 10,
  "weights": {
    "MA_1Min": 0.08446474753962681,
    "MA_1Day": 0.1310069516506859,
    "MACD_1Min": 0.08625641568113389,
    "MACD_1Day": 0.09033265425908908,
    "CorrRegime_1Min": 0.08218628261876998,
    "CorrRegime_1Day": 0.09682049519690301,
    "Sentiment_1Min": 0.08558179903893683,
    "Sentiment_1Day": 0.12889099926850617,
    "GB_1Min": 0.085127901509268,
    "GB_1Day": 0.1293317532370803
  },
  "scores": {
    "MA_1Min": {
      "training_score": 0.1872719057588924,
      "alpha": -0.08632123518916912,
      "sharpe_ratio": -2.069197649310007
    },
    "MA_1Day": {
      "training_score": 0.7524807905924087,
      "alpha": 0.037201043517474996,
      "sharpe_ratio": -1.2722426415265962
    },
    "MACD_1Min": {
      "training_score": 0.1839188585633848,
      "alpha": -0.10320866572052301,
      "sharpe_ratio": -2.4676059097259757
    },
    "MACD_1Day": {
      "training_score": 0.23114070583019453,
      "alpha": 0.0027614237195049407,
      "sharpe_ratio": -2.7935515422284585
    },
    "CorrRegime_1Min": {
      "training_score": 0.16473458417966141,
      "alpha": -0.19943904681092495,
      "sharpe_ratio": -5.257844977268086
    },
    "CorrRegime_1Day": {
      "training_score": 0.19921099289144598,
      "alpha": 0.0009589468407469326,
      "sharpe_ratio": -1.8453865636457878
    },
    "Sentiment_1Min": {
      "training_score": 0.19947225456215925,
      "alpha": -0.023202820635941257,
      "sharpe_ratio": -0.08997333946883884
    },
    "Sentiment_1Day": {
      "training_score": 0.6480338112675909,
      "alpha": 0.03654894078926829,
      "sharpe_ratio": -2.5599751188937097
    },
    "GB_1Min": {
      "training_score": 0.1886765267236021,
      "alpha": -0.07933301152677863,
      "sharpe_ratio": -1.6718596953767701
    },
    "GB_1Day": {
      "training_score": 0.563348909854138,
      "alpha": 0.006340343183057873,
      "sharpe_ratio": 0.6458774027215006
    }
  }
}